_TableName;UserId;Username
users;db9db4d4-3120-4342-a0d3-d4ca2fe68fbb;39287054827
users;7ebaff8e-1b39-42e5-bf44-38d79ee29d42;34072473898
users;38d60f0f-ac34-4d9e-affe-67602df25312;92365639887
users;ecd587a8-6282-4f02-a146-0179d4a7b427;51533959870
users;70e3108e-a146-4f93-aa6d-5ffc18d2b890;46444678803
users;c3ef9593-62dc-4f8e-9704-7f518a4d58e8;09172711655
users;1fa165d3-e907-4440-820a-0f6a25697b6f;29485085842
users;6585ca42-99fa-4c6d-81ce-1ee87eb32d63;28490337829
users;e4632675-3f80-4729-b6bd-dae864eeebc8;26423098867
users;fa72e4a3-b37a-4c3f-949b-1bda25f938d8;15484045860
